SampleID	SampleBarcode	SequenceRun	Index	SampleType	InsectType	InsectSpecies	Microbiota	SampleSpectrum	EcologicalRole
#q2:types	categorical	categorical	categorical	categorical	categorical	categorical	categorical	categorical	categorical
FP1_16S	FP1_16S	62	AGCCTTCGTCGC	Insect	Fly	Phormia regina	Endogenous	WholeSpecimen	Primary decomposer
FP2_16S	FP2_16S	62	CGTATAAATGCG	Insect	Fly	Phormia regina	Endogenous	WholeSpecimen	Primary decomposer
FP3_16S	FP3_16S	62	TGACTAATGGCC	Insect	Fly	Phormia regina	Endogenous	WholeSpecimen	Primary decomposer
FP4_16S	FP4_16S	62	GTGGAGTCTCAT	Insect	Fly	Sarcophaga sp.	Endogenous	WholeSpecimen	Primary decomposer
FP5_16S	FP5_16S	62	TGATGTGCTAAG	Insect	Fly	Phormia regina	Endogenous	WholeSpecimen	Primary decomposer
FP6_16S	FP6_16S	62	TGTGCACGCCAT	Insect	Fly	Phormia regina	Endogenous	WholeSpecimen	Primary decomposer
BP1_16S	BP1_16S	62	ACTCGCTCGCTG	Insect	Beetle	Deltochilum gibbosum	Endogenous	WholeSpecimen	Tertiary decomposer
BP2_16S	BP2_16S	62	CTGTCTATACTA	Insect	Beetle	Omorgus sp.	Endogenous	WholeSpecimen	Tertiary decomposer
BP3_16S	BP3_16S	62	TAATCTCGCCGG	Insect	Beetle	Omorgus sp.	Endogenous	WholeSpecimen	Tertiary decomposer
BP4_16S	BP4_16S	62	AGTAAAGATCGT	Insect	Beetle	Harpalus pensylvanicus/texanus	Endogenous	WholeSpecimen	Secondary decomposer
BP5_16S	BP5_16S	62	TTGCTGGACGCT	Insect	Beetle	Oiceoptoma inaequale	Endogenous	WholeSpecimen	Secondary decomposer
FP10_16S	FP10_16S	62	ATGCTGCAACAC	Insect	Fly	Phormia regina	Endogenous	WholeSpecimen	Primary decomposer
FP11_16S	FP11_16S	62	CGGGACACCCGA	Insect	Fly	Lucilia sericata	Endogenous	WholeSpecimen	Primary decomposer
BP6_16S	BP6_16S	62	TTGCGGACCCTA	Insect	Beetle	Oiceoptoma inaequale	Endogenous	WholeSpecimen	Secondary decomposer
FP12_16S	FP12_16S	62	ACCTTACACCTT	Insect	Fly	Phormia regina	Endogenous	WholeSpecimen	Primary decomposer
FP13_16S	FP13_16S	62	GTAGTAGACCAT	Insect	Fly	Phormia regina	Endogenous	WholeSpecimen	Primary decomposer
FP14_16S	FP14_16S	62	CCGGACAAGAAG	Insect	Fly	Phormia regina	Endogenous	WholeSpecimen	Primary decomposer
FP15_16S	FP15_16S	62	TAAATATACCCT	Insect	Fly	Hydrotaea aenescens	Endogenous	WholeSpecimen	Generalist
insect_32_WholeSpecimen	insect_32	64	TCCATACCGGAA	Insect	Fly	Chrysomya rufifacies	Endogenous	WholeSpecimen	Primary decomposer
insect_33_WholeSpecimen	insect_33	64	AGCCCTGCTACA	Insect	Fly	Chrysomya rufifacies	Endogenous	WholeSpecimen	Primary decomposer
insect_35_WholeSpecimen	insect_35	64	CGCGCCTTAAAC	Insect	Fly	Chrysomya rufifacies	Endogenous	WholeSpecimen	Primary decomposer
insect_36_WholeSpecimen	insect_36	64	TATGGTACCCAG	Insect	Fly	Chrysomya rufifacies	Endogenous	WholeSpecimen	Primary decomposer
insect_37_WholeSpecimen	insect_37	64	TACAATATCTGT	Insect	Fly	Chrysomya rufifacies	Endogenous	WholeSpecimen	Primary decomposer
insect_38_WholeSpecimen	insect_38	64	AATTTAGGTAGG	Insect	Fly	Chrysomya rufifacies	Endogenous	WholeSpecimen	Primary decomposer
insect_39_WholeSpecimen	insect_39	64	GACTCAACCAGT	Insect	Fly	Chrysomya rufifacies	Endogenous	WholeSpecimen	Primary decomposer
insect_40_WholeSpecimen	insect_40	64	GCCTCTACGTCG	Insect	Fly	Chrysomya rufifacies	Endogenous	WholeSpecimen	Primary decomposer
insect_41_WholeSpecimen	insect_41	64	ACTACTGAGGAT	Insect	Fly	Chrysomya rufifacies	Endogenous	WholeSpecimen	Primary decomposer
insect_42_WholeSpecimen	insect_42	64	AATTCACCTCCT	Insect	Fly	Chrysomya rufifacies	Endogenous	WholeSpecimen	Primary decomposer
insect_44_WholeSpecimen	insect_44	64	ATGCTGCAACAC	Insect	Fly	Chrysomya rufifacies	Endogenous	WholeSpecimen	Primary decomposer
insect_45_WholeSpecimen	insect_45	64	TTCCTTAGTAGT	Insect	Fly	Chrysomya rufifacies	Endogenous	WholeSpecimen	Primary decomposer
insect_47_WholeSpecimen	insect_47	64	ACGTGAGGAACG	Insect	Fly	Chrysomya rufifacies	Endogenous	WholeSpecimen	Primary decomposer
insect_48_WholeSpecimen	insect_48	64	GGTTGCCCTGTA	Insect	Fly	Chrysomya rufifacies	Endogenous	WholeSpecimen	Primary decomposer
insect_49_WholeSpecimen	insect_49	64	CATATAGCCCGA	Insect	Fly	Chrysomya rufifacies	Endogenous	WholeSpecimen	Primary decomposer
insect_51_WholeSpecimen	insect_51	64	CAAGTGAAGGGA	Insect	Fly	Cochliomyia macellaria	Endogenous	WholeSpecimen	Primary decomposer
insect_52_WholeSpecimen	insect_52	64	CACGTTTATTCC	Insect	Fly	Cochliomyia macellaria	Endogenous	WholeSpecimen	Primary decomposer
insect_53_WholeSpecimen	insect_53	64	TGACTAATGGCC	Insect	Fly	Cochliomyia macellaria	Endogenous	WholeSpecimen	Primary decomposer
insect_54_WholeSpecimen	insect_54	64	CGGGACACCCGA	Insect	Fly	Cochliomyia macellaria	Endogenous	WholeSpecimen	Primary decomposer
insect_55_WholeSpecimen	insect_55	64	CTGTCTATACTA	Insect	Fly	Cochliomyia macellaria	Endogenous	WholeSpecimen	Primary decomposer
insect_56_WholeSpecimen	insect_56	64	TATGCCAGAGAT	Insect	Fly	Cochliomyia macellaria	Endogenous	WholeSpecimen	Primary decomposer
insect_57_WholeSpecimen	insect_57	64	CGTTTGGAATGA	Insect	Fly	Cochliomyia macellaria	Endogenous	WholeSpecimen	Primary decomposer
insect_58_WholeSpecimen	insect_58	64	AAGAACTCATGA	Insect	Fly	Cochliomyia macellaria	Endogenous	WholeSpecimen	Primary decomposer
insect_59_WholeSpecimen	insect_59	64	TGATATCGTCTT	Insect	Fly	Cochliomyia macellaria	Endogenous	WholeSpecimen	Primary decomposer
insect_60_WholeSpecimen	insect_60	64	CGGTGACCTACT	Insect	Fly	Cochliomyia macellaria	Endogenous	WholeSpecimen	Primary decomposer
insect_61_WholeSpecimen	insect_61	64	AATGCGCGTATA	Insect	Fly	Cochliomyia macellaria	Endogenous	WholeSpecimen	Primary decomposer
insect_62_WholeSpecimen	insect_62	64	CTTGATTCTTGA	Insect	Fly	Cochliomyia macellaria	Endogenous	WholeSpecimen	Primary decomposer
insect_63_WholeSpecimen	insect_63	64	GAGATACAGTTC	Insect	Fly	Cochliomyia macellaria	Endogenous	WholeSpecimen	Primary decomposer
insect_64_WholeSpecimen	insect_64	64	GTGGAGTCTCAT	Insect	Fly	Cochliomyia macellaria	Endogenous	WholeSpecimen	Primary decomposer
insect_65_WholeSpecimen	insect_65	64	ACCTTACACCTT	Insect	Fly	Cochliomyia macellaria	Endogenous	WholeSpecimen	Primary decomposer
insect_66_WholeSpecimen	insect_66	64	TAATCTCGCCGG	Insect	Fly	Cochliomyia macellaria	Endogenous	WholeSpecimen	Primary decomposer
insect_67_WholeSpecimen	insect_67	64	ATCTAGTGGCAA	Insect	Fly	Cochliomyia macellaria	Endogenous	WholeSpecimen	Primary decomposer
insect_68_WholeSpecimen	insect_68	64	ACGCTTAACGAC	Insect	Fly	Cochliomyia macellaria	Endogenous	WholeSpecimen	Primary decomposer
insect_69_WholeSpecimen	insect_69	64	TACGGATTATGG	Insect	Fly	Cochliomyia macellaria	Endogenous	WholeSpecimen	Primary decomposer
insect_70_WholeSpecimen	insect_70	64	ATACATGCAAGA	Insect	Fly	Cochliomyia macellaria	Endogenous	WholeSpecimen	Primary decomposer
insect_71_WholeSpecimen	insect_71	64	CTTAGTGCAGAA	Insect	Fly	Hydrotaea aenescens	Endogenous	WholeSpecimen	Generalist
insect_72_WholeSpecimen	insect_72	64	AGGATCAGGGAA	Insect	Fly	Hydrotaea aenescens	Endogenous	WholeSpecimen	Generalist
insect_73_WholeSpecimen	insect_73	64	AATAACTAGGGT	Insect	Fly	Hydrotaea aenescens	Endogenous	WholeSpecimen	Generalist
insect_74_WholeSpecimen	insect_74	64	TATTGCAGCAGC	Insect	Fly	Chrysomya megacephala	Endogenous	WholeSpecimen	Primary decomposer
insect_75_WholeSpecimen	insect_75	64	TGATGTGCTAAG	Insect	Fly	Chrysomya megacephala	Endogenous	WholeSpecimen	Primary decomposer
insect_76_WholeSpecimen	insect_76	64	GTAGTAGACCAT	Insect	Fly	Chrysomya megacephala	Endogenous	WholeSpecimen	Primary decomposer
insect_77_WholeSpecimen	insect_77	64	AGTAAAGATCGT	Insect	Fly	Chrysomya megacephala	Endogenous	WholeSpecimen	Primary decomposer
insect_78_WholeSpecimen	insect_78	64	CTCGCCCTCGCC	Insect	Fly	Chrysomya megacephala	Endogenous	WholeSpecimen	Primary decomposer
insect_79_WholeSpecimen	insect_79	64	TCTCTTTCGACA	Insect	Fly	Chrysomya megacephala	Endogenous	WholeSpecimen	Primary decomposer
insect_80_WholeSpecimen	insect_80	64	ACATACTGAGCA	Insect	Fly	Lucilia coeruleiviridis	Endogenous	WholeSpecimen	Primary decomposer
insect_81_WholeSpecimen	insect_81	64	GTTGATACGATG	Insect	Fly	Lucilia coeruleiviridis	Endogenous	WholeSpecimen	Primary decomposer
insect_83_WholeSpecimen	insect_83	64	TGAGACCCTACA	Insect	Fly	Lucilia coeruleiviridis	Endogenous	WholeSpecimen	Primary decomposer
insect_84_WholeSpecimen	insect_84	64	ACTTGGTGTAAG	Insect	Fly	Lucilia coeruleiviridis	Endogenous	WholeSpecimen	Primary decomposer
insect_85_WholeSpecimen	insect_85	64	ATTACGTATCAT	Insect	Fly	Lucilia coeruleiviridis	Endogenous	WholeSpecimen	Primary decomposer
insect_86_WholeSpecimen	insect_86	64	CACGCAGTCTAC	Insect	Fly	Phoridae sp.	Endogenous	WholeSpecimen	Generalist
insect_100_Abdomen	insect_100	65	GTTTGGCCACAC	Insect	Beetle	Necrodes surinamensis	Endogenous	Abdomen	Secondary decomposer
insect_100_HeadThorax	insect_100_h	65	CGCTAGGATGTT	Insect	Beetle	Necrodes surinamensis	Endogenous	HeadThorax	Secondary decomposer
insect_100_Wash	insect_100_w	65	AGACTATTTCAT	Insect	Beetle	Necrodes surinamensis	Exogenous	Wash	Secondary decomposer
insect_125_Abdomen	insect_125	65	GTCCTACACAGC	Insect	Beetle	Necrodes surinamensis	Endogenous	Abdomen	Secondary decomposer
insect_125_HeadThorax	insect_125_h	65	ACAGTTGTACGC	Insect	Beetle	Necrodes surinamensis	Endogenous	HeadThorax	Secondary decomposer
insect_125_Wash	insect_125_w	65	AGCGATTCCTCG	Insect	Beetle	Necrodes surinamensis	Exogenous	Wash	Secondary decomposer
insect_126_Abdomen	insect_126	65	ATTTACAATTGA	Insect	Beetle	Necrodes surinamensis	Endogenous	Abdomen	Secondary decomposer
insect_126_HeadThorax	insect_126_h	65	GTCAGTATGGCT	Insect	Beetle	Necrodes surinamensis	Endogenous	HeadThorax	Secondary decomposer
insect_126_Wash	insect_126_w	65	ACCACCGTAACC	Insect	Beetle	Necrodes surinamensis	Exogenous	Wash	Secondary decomposer
insect_127_Abdomen	insect_127	65	CCACTGCCCACC	Insect	Beetle	Necrodes surinamensis	Endogenous	Abdomen	Secondary decomposer
insect_127_HeadThorax	insect_127_h	65	CATAAGGGAGGC	Insect	Beetle	Necrodes surinamensis	Endogenous	HeadThorax	Secondary decomposer
insect_127_Wash	insect_127_w	65	AGGAAGTAACTT	Insect	Beetle	Necrodes surinamensis	Exogenous	Wash	Secondary decomposer
insect_128_Abdomen	insect_128	65	ATAGTTAGGGCT	Insect	Beetle	Necrodes surinamensis	Endogenous	Abdomen	Secondary decomposer
insect_128_HeadThorax	insect_128_h	65	CAGGCCACTCTC	Insect	Beetle	Necrodes surinamensis	Endogenous	HeadThorax	Secondary decomposer
insect_128_Wash	insect_128_w	65	CATGATTAAGAG	Insect	Beetle	Necrodes surinamensis	Exogenous	Wash	Secondary decomposer
insect_129_Abdomen	insect_129	65	GACCCGTTTCGC	Insect	Beetle	Necrodes surinamensis	Endogenous	Abdomen	Secondary decomposer
insect_129_HeadThorax	insect_129_h	65	ACCAGAAATGTC	Insect	Beetle	Necrodes surinamensis	Endogenous	HeadThorax	Secondary decomposer
insect_129_Wash	insect_129_w	65	CTCACCTAGGAA	Insect	Beetle	Necrodes surinamensis	Exogenous	Wash	Secondary decomposer
insect_130_Abdomen	insect_130	65	TGACTGCGTTAG	Insect	Beetle	Necrodes surinamensis	Endogenous	Abdomen	Secondary decomposer
insect_130_HeadThorax	insect_130_h	65	CTCATCATGTTC	Insect	Beetle	Necrodes surinamensis	Endogenous	HeadThorax	Secondary decomposer
insect_130_Wash	insect_130_w	65	GCATTCGGCGTT	Insect	Beetle	Necrodes surinamensis	Exogenous	Wash	Secondary decomposer
insect_131_Abdomen	insect_131	65	ACGTTAATATTC	Insect	Beetle	Necrodes surinamensis	Endogenous	Abdomen	Secondary decomposer
insect_131_HeadThorax	insect_131_h	65	TTAGGATTCTAT	Insect	Beetle	Necrodes surinamensis	Endogenous	HeadThorax	Secondary decomposer
insect_131_Wash	insect_131_w	65	TCTACATACATA	Insect	Beetle	Necrodes surinamensis	Exogenous	Wash	Secondary decomposer
insect_132_Abdomen	insect_132	65	TCTAACGAGTGC	Insect	Beetle	Necrodes surinamensis	Endogenous	Abdomen	Secondary decomposer
insect_132_HeadThorax	insect_132_h	65	AGATGCAATGAT	Insect	Beetle	Necrodes surinamensis	Endogenous	HeadThorax	Secondary decomposer
insect_132_Wash	insect_132_w	65	GAGTCTTGGTAA	Insect	Beetle	Necrodes surinamensis	Exogenous	Wash	Secondary decomposer
insect_31_Wash	insect_31_w	65	CAGTCTAGTACG	Insect	Fly	Chrysomya rufifacies	Exogenous	Wash	Primary decomposer
insect_34_Wash	insect_34_w	65	CGGTTGGCGGGT	Insect	Fly	Chrysomya rufifacies	Exogenous	Wash	Primary decomposer
insect_36_Wash	insect_36_w	65	TGCCTGCTCGAC	Insect	Fly	Chrysomya rufifacies	Exogenous	Wash	Primary decomposer
insect_39_Wash	insect_39_w	65	ACCAGTGACTCA	Insect	Fly	Chrysomya rufifacies	Exogenous	Wash	Primary decomposer
insect_42_Wash	insect_42_w	65	CGGCCTAAGTTC	Insect	Fly	Chrysomya rufifacies	Exogenous	Wash	Primary decomposer
insect_44_Wash	insect_44_w	65	AGAGACGCGTAG	Insect	Fly	Chrysomya rufifacies	Exogenous	Wash	Primary decomposer
insect_47_Wash	insect_47_w	65	TCTTACCCATAA	Insect	Fly	Chrysomya rufifacies	Exogenous	Wash	Primary decomposer
insect_51_Wash	insect_51_w	65	ACTGCCCGATAC	Insect	Fly	Cochliomyia macellaria	Exogenous	Wash	Primary decomposer
insect_52_Wash	insect_52_w	65	TTCTTAACGCCT	Insect	Fly	Cochliomyia macellaria	Exogenous	Wash	Primary decomposer
insect_53_Wash	insect_53_w	65	CTCCCGAGCTCC	Insect	Fly	Cochliomyia macellaria	Exogenous	Wash	Primary decomposer
insect_54_Wash	insect_54_w	65	TAGACTTCAGAG	Insect	Fly	Cochliomyia macellaria	Exogenous	Wash	Primary decomposer
insect_55_Wash	insect_55_w	65	ACTTAGACTCTT	Insect	Fly	Cochliomyia macellaria	Exogenous	Wash	Primary decomposer
insect_56_Wash	insect_56_w	65	GGACCTGGATGG	Insect	Fly	Cochliomyia macellaria	Exogenous	Wash	Primary decomposer
insect_58_Wash	insect_58_w	65	ATACCGTCTTTC	Insect	Fly	Cochliomyia macellaria	Exogenous	Wash	Primary decomposer
insect_59_Wash	insect_59_w	65	TGTGCTTGTAGG	Insect	Fly	Cochliomyia macellaria	Exogenous	Wash	Primary decomposer
insect_61_Wash	insect_61_w	65	CTAACCTCATAT	Insect	Fly	Cochliomyia macellaria	Exogenous	Wash	Primary decomposer
insect_62_Wash	insect_62_w	65	GAGAATGGAAAG	Insect	Fly	Cochliomyia macellaria	Exogenous	Wash	Primary decomposer
insect_63_Wash	insect_63_w	65	AGCTTCGACAGT	Insect	Fly	Cochliomyia macellaria	Exogenous	Wash	Primary decomposer
insect_64_Wash	insect_64_w	65	AGCAACATTGCA	Insect	Fly	Cochliomyia macellaria	Exogenous	Wash	Primary decomposer
insect_65_Wash	insect_65_w	65	GCCAAGGATAGG	Insect	Fly	Cochliomyia macellaria	Exogenous	Wash	Primary decomposer
insect_66_Wash	insect_66_w	65	GAGAGGGATCAC	Insect	Fly	Cochliomyia macellaria	Exogenous	Wash	Primary decomposer
insect_67_Wash	insect_67_w	65	CATTCAGTTATA	Insect	Fly	Cochliomyia macellaria	Exogenous	Wash	Primary decomposer
insect_68_Wash	insect_68_w	65	ACGCCGAGGTAG	Insect	Fly	Cochliomyia macellaria	Exogenous	Wash	Primary decomposer
insect_69_Wash	insect_69_w	65	GTTCCATCGGCC	Insect	Fly	Cochliomyia macellaria	Exogenous	Wash	Primary decomposer
insect_70_Wash	insect_70_w	65	TGGCCGTTACTG	Insect	Fly	Cochliomyia macellaria	Exogenous	Wash	Primary decomposer
insect_71_Wash	insect_71_w	65	CCAGATATAGCA	Insect	Fly	Hydrotaea aenescens	Exogenous	Wash	Generalist
insect_72_Wash	insect_72_w	65	CTTCGGAGGGAG	Insect	Fly	Hydrotaea aenescens	Exogenous	Wash	Generalist
insect_73_Wash	insect_73_w	65	TAGGAGAGACAG	Insect	Fly	Hydrotaea aenescens	Exogenous	Wash	Generalist
insect_74_Wash	insect_74_w	65	TAAGAAACGTCA	Insect	Fly	Chrysomya megacephala	Exogenous	Wash	Primary decomposer
insect_75_Wash	insect_75_w	65	GCTTCATTTCTG	Insect	Fly	Chrysomya megacephala	Exogenous	Wash	Primary decomposer
insect_76_Wash	insect_76_w	65	AATCTAACAATT	Insect	Fly	Chrysomya megacephala	Exogenous	Wash	Primary decomposer
insect_78_Wash	insect_78_w	65	GAACAAAGAGCG	Insect	Fly	Chrysomya megacephala	Exogenous	Wash	Primary decomposer
insect_80_Wash	insect_80_w	65	AGGAACCAGACG	Insect	Fly	Lucilia coeruleiviridis	Exogenous	Wash	Primary decomposer
insect_81_Wash	insect_81_w	65	TATCGTTATCGT	Insect	Fly	Lucilia coeruleiviridis	Exogenous	Wash	Primary decomposer
insect_82_Wash	insect_82_w	65	ACCTATGGTGAA	Insect	Fly	Lucilia coeruleiviridis	Exogenous	Wash	Primary decomposer
insect_84_Wash	insect_84_w	65	GGTGTGAGAAAG	Insect	Fly	Lucilia coeruleiviridis	Exogenous	Wash	Primary decomposer
insect_85_Wash	insect_85_w	65	CAGTAGCGATAT	Insect	Fly	Lucilia coeruleiviridis	Exogenous	Wash	Primary decomposer
insect_88_Abdomen	insect_88	65	TAGGACGGGAGT	Insect	Beetle	Necrodes surinamensis	Endogenous	Abdomen	Secondary decomposer
insect_88_HeadThorax	insect_88_h	65	GATCCCACGTAC	Insect	Beetle	Necrodes surinamensis	Endogenous	HeadThorax	Secondary decomposer
insect_88_Wash	insect_88_w	65	ACACGTTTGGGT	Insect	Beetle	Necrodes surinamensis	Exogenous	Wash	Secondary decomposer
insect_89_Abdomen	insect_89	65	AAGTCTTATCTC	Insect	Beetle	Necrodes surinamensis	Endogenous	Abdomen	Secondary decomposer
insect_89_HeadThorax	insect_89_h	65	CCGCCAGCTTTG	Insect	Beetle	Necrodes surinamensis	Endogenous	HeadThorax	Secondary decomposer
insect_89_Wash	insect_89_w	65	CGTCGCAGCCTT	Insect	Beetle	Necrodes surinamensis	Exogenous	Wash	Secondary decomposer
insect_90_Abdomen	insect_90	65	TTGCACCGTCGA	Insect	Beetle	Necrodes surinamensis	Endogenous	Abdomen	Secondary decomposer
insect_90_HeadThorax	insect_90_h	65	TCATCTTGATTG	Insect	Beetle	Necrodes surinamensis	Endogenous	HeadThorax	Secondary decomposer
insect_90_Wash	insect_90_w	65	CTACTTACATCC	Insect	Beetle	Necrodes surinamensis	Exogenous	Wash	Secondary decomposer
insect_91_Abdomen	insect_91	65	CTCCGAACAACA	Insect	Beetle	Necrodes surinamensis	Endogenous	Abdomen	Secondary decomposer
insect_91_HeadThorax	insect_91_h	65	ACTGTTTACTGT	Insect	Beetle	Necrodes surinamensis	Endogenous	HeadThorax	Secondary decomposer
insect_91_Wash	insect_91_w	65	CGCACGTACCTC	Insect	Beetle	Necrodes surinamensis	Exogenous	Wash	Secondary decomposer
insect_92_Abdomen	insect_92	65	AGTAGTTTCCTT	Insect	Beetle	Necrodes surinamensis	Endogenous	Abdomen	Secondary decomposer
insect_92_HeadThorax	insect_92_h	65	GTCACGGACATT	Insect	Beetle	Necrodes surinamensis	Endogenous	HeadThorax	Secondary decomposer
insect_92_Wash	insect_92_w	65	GTCCTCGCGACT	Insect	Beetle	Necrodes surinamensis	Exogenous	Wash	Secondary decomposer
insect_93_Abdomen	insect_93	65	CAGATCCCAACC	Insect	Beetle	Necrodes surinamensis	Endogenous	Abdomen	Secondary decomposer
insect_93_HeadThorax	insect_93_h	65	GAATATACCTGG	Insect	Beetle	Necrodes surinamensis	Endogenous	HeadThorax	Secondary decomposer
insect_93_Wash	insect_93_w	65	GTGCAACCAATC	Insect	Beetle	Necrodes surinamensis	Exogenous	Wash	Secondary decomposer
insect_94_Abdomen	insect_94	65	GATAGCACTCGT	Insect	Beetle	Necrodes surinamensis	Endogenous	Abdomen	Secondary decomposer
insect_94_HeadThorax	insect_94_h	65	GAATCTGACAAC	Insect	Beetle	Necrodes surinamensis	Endogenous	HeadThorax	Secondary decomposer
insect_94_Wash	insect_94_w	65	ACCCAAGCGTTA	Insect	Beetle	Necrodes surinamensis	Exogenous	Wash	Secondary decomposer
insect_96_Abdomen	insect_96	65	GTAATTGTAATT	Insect	Beetle	Necrodes surinamensis	Endogenous	Abdomen	Secondary decomposer
insect_96_HeadThorax	insect_96_h	65	ATTGCCTTGATT	Insect	Beetle	Necrodes surinamensis	Endogenous	HeadThorax	Secondary decomposer
insect_96_Wash	insect_96_w	65	AACACCATCGAC	Insect	Beetle	Necrodes surinamensis	Exogenous	Wash	Secondary decomposer
insect_97_Abdomen	insect_97	65	TGCTACAGACGT	Insect	Beetle	Necrodes surinamensis	Endogenous	Abdomen	Secondary decomposer
insect_97_HeadThorax	insect_97_h	65	GAGCCCAAAGAG	Insect	Beetle	Necrodes surinamensis	Endogenous	HeadThorax	Secondary decomposer
insect_97_Wash	insect_97_w	65	TTATCCAGTCCT	Insect	Beetle	Necrodes surinamensis	Exogenous	Wash	Secondary decomposer
insect_98_Abdomen	insect_98	65	AGGTGAGTTCTA	Insect	Beetle	Necrodes surinamensis	Endogenous	Abdomen	Secondary decomposer
insect_98_HeadThorax	insect_98_h	65	CCATGTGGCTCC	Insect	Beetle	Necrodes surinamensis	Endogenous	HeadThorax	Secondary decomposer
insect_98_Wash	insect_98_w	65	GTTTATCTTAAG	Insect	Beetle	Necrodes surinamensis	Exogenous	Wash	Secondary decomposer
insect_99_Abdomen	insect_99	65	AACGATCATAGA	Insect	Beetle	Necrodes surinamensis	Endogenous	Abdomen	Secondary decomposer
insect_99_HeadThorax	insect_99_h	65	CGTTCCTTGTTA	Insect	Beetle	Necrodes surinamensis	Endogenous	HeadThorax	Secondary decomposer
insect_99_Wash	insect_99_w	65	GTTCGCCGCATC	Insect	Beetle	Necrodes surinamensis	Exogenous	Wash	Secondary decomposer