#SampleID	SampleBarcode	SequenceRun	Index	SampleType	InsectType	InsectSpecies	Microbiota	SampleSpectrum	EcologicalRole
insect_51_WholeSpecimen	insect_51	64	CAAGTGAAGGGA	Insect	Fly	Cochliomyia macellaria	Endogenous	WholeSpecimen	Primary decomposer
insect_52_WholeSpecimen	insect_52	64	CACGTTTATTCC	Insect	Fly	Cochliomyia macellaria	Endogenous	WholeSpecimen	Primary decomposer
insect_53_WholeSpecimen	insect_53	64	TGACTAATGGCC	Insect	Fly	Cochliomyia macellaria	Endogenous	WholeSpecimen	Primary decomposer
insect_54_WholeSpecimen	insect_54	64	CGGGACACCCGA	Insect	Fly	Cochliomyia macellaria	Endogenous	WholeSpecimen	Primary decomposer
insect_55_WholeSpecimen	insect_55	64	CTGTCTATACTA	Insect	Fly	Cochliomyia macellaria	Endogenous	WholeSpecimen	Primary decomposer
insect_56_WholeSpecimen	insect_56	64	TATGCCAGAGAT	Insect	Fly	Cochliomyia macellaria	Endogenous	WholeSpecimen	Primary decomposer
insect_57_WholeSpecimen	insect_57	64	CGTTTGGAATGA	Insect	Fly	Cochliomyia macellaria	Endogenous	WholeSpecimen	Primary decomposer
insect_58_WholeSpecimen	insect_58	64	AAGAACTCATGA	Insect	Fly	Cochliomyia macellaria	Endogenous	WholeSpecimen	Primary decomposer
insect_59_WholeSpecimen	insect_59	64	TGATATCGTCTT	Insect	Fly	Cochliomyia macellaria	Endogenous	WholeSpecimen	Primary decomposer
insect_60_WholeSpecimen	insect_60	64	CGGTGACCTACT	Insect	Fly	Cochliomyia macellaria	Endogenous	WholeSpecimen	Primary decomposer
insect_61_WholeSpecimen	insect_61	64	AATGCGCGTATA	Insect	Fly	Cochliomyia macellaria	Endogenous	WholeSpecimen	Primary decomposer
insect_62_WholeSpecimen	insect_62	64	CTTGATTCTTGA	Insect	Fly	Cochliomyia macellaria	Endogenous	WholeSpecimen	Primary decomposer
insect_63_WholeSpecimen	insect_63	64	GAGATACAGTTC	Insect	Fly	Cochliomyia macellaria	Endogenous	WholeSpecimen	Primary decomposer
insect_64_WholeSpecimen	insect_64	64	GTGGAGTCTCAT	Insect	Fly	Cochliomyia macellaria	Endogenous	WholeSpecimen	Primary decomposer
insect_65_WholeSpecimen	insect_65	64	ACCTTACACCTT	Insect	Fly	Cochliomyia macellaria	Endogenous	WholeSpecimen	Primary decomposer
insect_66_WholeSpecimen	insect_66	64	TAATCTCGCCGG	Insect	Fly	Cochliomyia macellaria	Endogenous	WholeSpecimen	Primary decomposer
insect_67_WholeSpecimen	insect_67	64	ATCTAGTGGCAA	Insect	Fly	Cochliomyia macellaria	Endogenous	WholeSpecimen	Primary decomposer
insect_68_WholeSpecimen	insect_68	64	ACGCTTAACGAC	Insect	Fly	Cochliomyia macellaria	Endogenous	WholeSpecimen	Primary decomposer
insect_69_WholeSpecimen	insect_69	64	TACGGATTATGG	Insect	Fly	Cochliomyia macellaria	Endogenous	WholeSpecimen	Primary decomposer
insect_70_WholeSpecimen	insect_70	64	ATACATGCAAGA	Insect	Fly	Cochliomyia macellaria	Endogenous	WholeSpecimen	Primary decomposer
insect_51_Wash	insect_51_w	65	ACTGCCCGATAC	Insect	Fly	Cochliomyia macellaria	Exogenous	Wash	Primary decomposer
insect_52_Wash	insect_52_w	65	TTCTTAACGCCT	Insect	Fly	Cochliomyia macellaria	Exogenous	Wash	Primary decomposer
insect_53_Wash	insect_53_w	65	CTCCCGAGCTCC	Insect	Fly	Cochliomyia macellaria	Exogenous	Wash	Primary decomposer
insect_54_Wash	insect_54_w	65	TAGACTTCAGAG	Insect	Fly	Cochliomyia macellaria	Exogenous	Wash	Primary decomposer
insect_55_Wash	insect_55_w	65	ACTTAGACTCTT	Insect	Fly	Cochliomyia macellaria	Exogenous	Wash	Primary decomposer
insect_56_Wash	insect_56_w	65	GGACCTGGATGG	Insect	Fly	Cochliomyia macellaria	Exogenous	Wash	Primary decomposer
insect_58_Wash	insect_58_w	65	ATACCGTCTTTC	Insect	Fly	Cochliomyia macellaria	Exogenous	Wash	Primary decomposer
insect_59_Wash	insect_59_w	65	TGTGCTTGTAGG	Insect	Fly	Cochliomyia macellaria	Exogenous	Wash	Primary decomposer
insect_61_Wash	insect_61_w	65	CTAACCTCATAT	Insect	Fly	Cochliomyia macellaria	Exogenous	Wash	Primary decomposer
insect_62_Wash	insect_62_w	65	GAGAATGGAAAG	Insect	Fly	Cochliomyia macellaria	Exogenous	Wash	Primary decomposer
insect_63_Wash	insect_63_w	65	AGCTTCGACAGT	Insect	Fly	Cochliomyia macellaria	Exogenous	Wash	Primary decomposer
insect_64_Wash	insect_64_w	65	AGCAACATTGCA	Insect	Fly	Cochliomyia macellaria	Exogenous	Wash	Primary decomposer
insect_65_Wash	insect_65_w	65	GCCAAGGATAGG	Insect	Fly	Cochliomyia macellaria	Exogenous	Wash	Primary decomposer
insect_66_Wash	insect_66_w	65	GAGAGGGATCAC	Insect	Fly	Cochliomyia macellaria	Exogenous	Wash	Primary decomposer
insect_67_Wash	insect_67_w	65	CATTCAGTTATA	Insect	Fly	Cochliomyia macellaria	Exogenous	Wash	Primary decomposer
insect_68_Wash	insect_68_w	65	ACGCCGAGGTAG	Insect	Fly	Cochliomyia macellaria	Exogenous	Wash	Primary decomposer
insect_69_Wash	insect_69_w	65	GTTCCATCGGCC	Insect	Fly	Cochliomyia macellaria	Exogenous	Wash	Primary decomposer
insect_70_Wash	insect_70_w	65	TGGCCGTTACTG	Insect	Fly	Cochliomyia macellaria	Exogenous	Wash	Primary decomposer